original_text,generated_text,ground_truth
"Scientists have discovered a new species of deep-sea fish that emits a soft, soothing light. This bioluminescent fish could inspire advancements in low-light underwater exploration.",New bioluminescent fish species found in deep sea could lead to improved underwater exploration.,Discovery of deep-sea fish emitting soothing light could drive innovations in underwater exploration technology.
An international team of astronomers has identified a distant exoplanet with an atmosphere that contains water vapor. This discovery brings us one step closer to understanding habitability beyond our solar system.,Distant exoplanet\'s water vapor-filled atmosphere brings scientists closer to comprehending extraterrestrial habitability.,"Astronomers identify exoplanet with water vapor-rich atmosphere, advancing our grasp of potential habitable worlds."
Researchers have developed a novel nanotechnology-based cancer treatment that targets tumor cells with high precision. This innovation holds promise for more effective and less invasive cancer therapies.,New nanotechnology-based cancer treatment demonstrates high precision in targeting tumor cells.,"Researchers create cancer treatment using nanotechnology, offering potential for improved precision in therapy."
A new app is aiming to reduce food waste by connecting local restaurants with customers to sell excess food at discounted prices. This initiative could play a significant role in promoting sustainability.,"App connects local restaurants with customers to sell surplus food, contributing to the reduction of food waste.","New sustainability-focused app facilitates sale of excess restaurant food, combating food waste."
"Archaeologists have uncovered an ancient city that dates back over 4,000 years in the Kurdistan region of Iraq. The city\'s remains provide valuable insights into the history and culture of the region.","Ancient city dating back over 4,000 years discovered in Kurdistan, offering insights into the region\'s history.","Archaeological find in Iraq reveals ancient city\'s remains, shedding light on the culture and history of the area."
"Researchers have developed a new type of solar panel that is highly efficient in low-light conditions. This innovation could revolutionize solar energy production, making renewable energy more accessible even in areas with less sunlight.",Scientists create highly efficient solar panels for low-light environments.,New solar panels could revolutionize renewable energy production in areas with low sunlight.
"According to a recent study, regular exercise in middle age can lead to a reduced risk of dementia in later life. The research found that individuals who engaged in physical activity in their 40s and 50s had a 36% lower risk of developing dementia compared to those who were inactive.",Middle-age exercise linked to 36% lower risk of dementia in old age.,New study suggests that staying physically active in your 40s and 50s can significantly decrease the risk of dementia later in life.
Scientists have developed a new type of battery that can be charged wirelessly using radio waves. This breakthrough could lead to more convenient and efficient charging for a wide range of devices.,"New wireless charging battery utilizes radio waves, offering potential for enhanced convenience and efficiency.","Battery technology innovation enables wireless charging via radio waves, paving the way for improved device charging methods."
A team of engineers has designed a lightweight exoskeleton that can assist individuals with mobility impairments in walking and performing daily tasks. This development holds promise for enhancing the quality of life for people with mobility challenges.,Engineers create lightweight exoskeleton to aid mobility-impaired individuals in walking and daily tasks.,"Newly designed exoskeleton offers mobility assistance for those with limited mobility, potentially improving their quality of life."
"NASA\'s latest space telescope has captured stunning images of distant galaxies, revealing previously unseen details about the universe\'s evolution. These images are expected to significantly contribute to our understanding of cosmic history.","New NASA space telescope images unveil distant galaxies, providing insights into the universe\'s evolution.",Stunning images of distant galaxies captured by NASA\'s space telescope to enhance our understanding of cosmic history.
A group of researchers have developed a plant-based alternative to plastic packaging that is both biodegradable and sustainable. This innovation could help reduce the environmental impact of single-use plastics.,"Researchers create biodegradable, plant-based alternative to plastic packaging, aiming to mitigate the environmental effects of single-use plastics.","Innovative plant-based packaging developed as eco-friendly alternative to plastic, potentially reducing the impact of single-use plastics on the environment."
An AI-powered language translation device capable of translating multiple languages in real-time has been unveiled. This technology has the potential to break down language barriers and facilitate cross-cultural communication.,"New AI-powered translation device offers real-time multilingual translation, holding potential for enhanced cross-cultural communication.","Language translation device using AI unveiled, with real-time translation abilities to bridge global language gaps."
Researchers have discovered a new method for converting carbon dioxide into useful fuels using sunlight. This breakthrough could provide a sustainable way to reduce greenhouse gas emissions.,"New method utilizes sunlight to convert carbon dioxide into fuels, offering a potential solution to reduce greenhouse gas emissions.","Scientists develop innovative technique to transform carbon dioxide into usable fuels using sunlight, with implications for addressing climate change."
A startup company has introduced a vertical farming system that can grow crops in urban environments with limited space. This technology aims to increase local food production and reduce the carbon footprint of agriculture.,"Startup introduces vertical farming system for urban areas, enabling local food production and reduced agricultural carbon footprint.","Innovative vertical farming technology brings agriculture to urban spaces, contributing to localized food production and decreased environmental impact."
Medical researchers have developed a non-invasive device that uses sound waves to break up kidney stones. This technology could offer a safer and more comfortable alternative to traditional treatments.,"New non-invasive kidney stone treatment employs sound waves to break up stones, providing a safer and more comfortable alternative.","Researchers create device using sound waves to disintegrate kidney stones, potentially revolutionizing the treatment of this condition."
A team of scientists has identified a gene associated with longer lifespan in humans. This discovery sheds light on the genetic factors influencing aging and could pave the way for interventions to extend healthy life.,"Gene linked to human longevity identified by researchers, offering insights into aging and potential for life-extending interventions.","Scientific breakthrough reveals gene connected to longer human lifespan, advancing our understanding of the aging process."
Artificial intelligence researchers have developed a system that can generate highly realistic paintings in the style of famous artists. This technology showcases the potential of AI in creative fields.,"AI system produces lifelike paintings in the style of renowned artists, highlighting the role of AI in creative endeavors.","Researchers create AI-driven painting generator that emulates famous artists, demonstrating the capabilities of AI in the realm of art."
Scientists have developed a new type of material that can efficiently convert waste heat into electricity. This breakthrough could lead to improved energy efficiency in various industries.,"New material converts waste heat into electricity, offering potential for enhanced energy efficiency in multiple sectors.","Researchers create innovative material capable of transforming waste heat into usable electricity, with applications in improving energy efficiency."
"Astronomers have observed a rare cosmic event where a black hole tears apart a star. This phenomenon, known as a tidal disruption event, provides valuable insights into the behavior of black holes.","Astronomers witness black hole tearing apart a star in rare cosmic event, revealing insights into black hole behavior.","Rare tidal disruption event observed as black hole tears apart a star, contributing to our understanding of black hole dynamics."
Engineers have developed a self-healing concrete that can repair its own cracks using a combination of fungi and calcium. This innovation could significantly extend the lifespan of concrete structures.,"Self-healing concrete developed using fungi and calcium to repair cracks, potentially increasing the durability of concrete constructions.","Researchers create concrete with self-healing capabilities through the use of fungi and calcium, offering longer lifespan for concrete structures."
A new virtual reality system is being used to help patients manage chronic pain by distracting them with immersive experiences. This approach could offer a drug-free alternative for pain management.,Virtual reality system assists chronic pain patients by immersing them in experiences that help manage pain without medication.,Innovative virtual reality technology provides patients with chronic pain a non-pharmaceutical solution for pain management.
"Researchers have developed a novel type of flexible, wearable sensor that can monitor hydration levels by analyzing sweat. This technology could have applications in sports, healthcare, and military settings.","New wearable sensor analyzes sweat to monitor hydration levels, with potential uses in sports, healthcare, and military applications.","Innovative flexible sensor can track hydration levels by analyzing sweat, offering practical applications in various fields."
"An AI-powered robot designed to assist elderly individuals with household tasks has been introduced. The robot can perform tasks such as cleaning, cooking, and reminding users to take medications.","AI-powered robot aims to aid elderly individuals with household chores, including cleaning, cooking, and medication reminders.",Innovative robot equipped with AI capabilities designed to help the elderly with tasks such as cleaning and medication reminders.
A team of scientists has developed a method to 3D print functioning human organs using bioinks derived from natural materials. This advancement could address the shortage of organ donors.,"Researchers achieve 3D printing of functional human organs using bioinks made from natural materials, potentially addressing the organ donor shortage.","Innovative technique enables 3D printing of human organs using bioinks derived from natural sources, offering a potential solution to the shortage of organ donors."
Scientists have identified a new species of bacteria in the soil of a remote location with the ability to break down plastic at an unprecedented rate. This discovery holds promise for combating plastic pollution.,"Newly discovered bacteria species in remote soil rapidly breaks down plastic, showing potential for addressing plastic pollution.","Researchers find bacteria with remarkable plastic-degrading abilities in remote soil, offering hope for reducing plastic pollution."
An autonomous drone delivery service has been launched in urban areas to transport essential medical supplies to remote locations. This technology has the potential to improve healthcare access in hard-to-reach regions.,"Autonomous drone delivery service initiates transportation of medical supplies to remote areas, enhancing healthcare access in underserved regions.","Innovative drone delivery service using autonomous technology introduced for transporting medical supplies to remote locations, potentially revolutionizing healthcare logistics."
Researchers have developed a breakthrough gene-editing technique that can precisely modify DNA without causing unintended mutations. This advancement could lead to safer and more accurate gene therapies.,"New gene-editing technique allows precise DNA modification without unintended mutations, offering potential for safer gene therapies.","Scientists create gene-editing method that accurately modifies DNA without unintended mutations, enhancing the safety of gene therapy."
A team of engineers has designed a solar-powered water purification system that can provide clean drinking water in remote areas without access to clean water sources. This technology could have a significant impact on global water scarcity.,Solar-powered water purification system offers clean drinking water in remote areas with water scarcity.,Engineers develop innovative solar-powered water purification system to address clean water scarcity in remote regions.
Scientists have discovered a new species of antibiotic-producing bacteria in soil samples. This discovery raises hopes for finding novel antibiotics to combat drug-resistant infections.,Newly discovered antibiotic-producing bacteria species in soil samples offers potential for combating drug-resistant infections.,"Researchers identify bacteria with antibiotic-producing properties in soil, potentially contributing to the fight against antibiotic-resistant infections."
"A company has developed a wearable device that uses brainwaves to control virtual reality experiences. This technology could have applications in gaming, entertainment, and even medical rehabilitation.","Wearable device utilizes brainwaves to control virtual reality experiences, with potential applications in gaming, entertainment, and medical rehab.","Innovative brainwave-controlled wearable device introduced for virtual reality interactions, spanning fields from entertainment to medical treatment."